role,estimator,spec,treatment,sample,outcome,units,att,se,note,source,on_primary
diagnostic,CDH,drop 2021 (COVID trough),combined >=50%,"waves: 2016,2018,2022,2023,2025",language,SD (anchored 2016 scale),0.0057,,changes the estimand: dropping waves re-dates cohorts and re-spaces event time,06c_covid_robustness.csv,TRUE
diagnostic,CDH,drop 2021 (COVID trough),combined >=50%,"waves: 2016,2018,2022,2023,2025",mathematics,SD (anchored 2016 scale),0.0336,,changes the estimand: dropping waves re-dates cohorts and re-spaces event time,06c_covid_robustness.csv,TRUE
diagnostic,CDH,drop 2021+2022 (COVID period),combined >=50%,"waves: 2016,2018,2023,2025",language,SD (anchored 2016 scale),-0.0058,,changes the estimand: dropping waves re-dates cohorts and re-spaces event time,06c_covid_robustness.csv,TRUE
diagnostic,CDH,drop 2021+2022 (COVID period),combined >=50%,"waves: 2016,2018,2023,2025",mathematics,SD (anchored 2016 scale),-0.0279,,changes the estimand: dropping waves re-dates cohorts and re-spaces event time,06c_covid_robustness.csv,TRUE
diagnostic,CDH,drop 2022 (sample wave),combined >=50%,"waves: 2016,2018,2021,2023,2025",language,SD (anchored 2016 scale),-0.021,,changes the estimand: dropping waves re-dates cohorts and re-spaces event time,06c_covid_robustness.csv,TRUE
diagnostic,CDH,drop 2022 (sample wave),combined >=50%,"waves: 2016,2018,2021,2023,2025",mathematics,SD (anchored 2016 scale),-0.0633,,changes the estimand: dropping waves re-dates cohorts and re-spaces event time,06c_covid_robustness.csv,TRUE
diagnostic,CDH,dropping Buenos Aires,combined >=50%,estimation sample less Buenos Aires,language,SD (anchored 2016 scale),0.0135,0.0125,"leverage check on point estimates, not an inference procedure",06k_leave_one_province.csv,TRUE
diagnostic,CDH,dropping Buenos Aires,combined >=50%,estimation sample less Buenos Aires,mathematics,SD (anchored 2016 scale),0.0327,0.0152,"leverage check on point estimates, not an inference procedure",06k_leave_one_province.csv,TRUE
diagnostic,CDH,dropping Córdoba,combined >=50%,estimation sample less Córdoba,language,SD (anchored 2016 scale),0.0089,0.0126,"leverage check on point estimates, not an inference procedure",06k_leave_one_province.csv,TRUE
diagnostic,CDH,dropping Córdoba,combined >=50%,estimation sample less Córdoba,mathematics,SD (anchored 2016 scale),0.0249,0.0154,"leverage check on point estimates, not an inference procedure",06k_leave_one_province.csv,TRUE
diagnostic,CDH,dropping Catamarca,combined >=50%,estimation sample less Catamarca,language,SD (anchored 2016 scale),0.0151,0.0115,"leverage check on point estimates, not an inference procedure",06k_leave_one_province.csv,TRUE
diagnostic,CDH,dropping Catamarca,combined >=50%,estimation sample less Catamarca,mathematics,SD (anchored 2016 scale),0.0276,0.014,"leverage check on point estimates, not an inference procedure",06k_leave_one_province.csv,TRUE
diagnostic,CDH,dropping Chaco,combined >=50%,estimation sample less Chaco,language,SD (anchored 2016 scale),0.0162,0.0115,"leverage check on point estimates, not an inference procedure",06k_leave_one_province.csv,TRUE
diagnostic,CDH,dropping Chaco,combined >=50%,estimation sample less Chaco,mathematics,SD (anchored 2016 scale),0.0272,0.014,"leverage check on point estimates, not an inference procedure",06k_leave_one_province.csv,TRUE
diagnostic,CDH,dropping Chubut,combined >=50%,estimation sample less Chubut,language,SD (anchored 2016 scale),0.0161,0.0115,"leverage check on point estimates, not an inference procedure",06k_leave_one_province.csv,TRUE
diagnostic,CDH,dropping Chubut,combined >=50%,estimation sample less Chubut,mathematics,SD (anchored 2016 scale),0.0285,0.0141,"leverage check on point estimates, not an inference procedure",06k_leave_one_province.csv,TRUE
diagnostic,CDH,dropping Ciudad de Buenos Aires,combined >=50%,estimation sample less Ciudad de Buenos Aires,language,SD (anchored 2016 scale),0.0153,0.0118,"leverage check on point estimates, not an inference procedure",06k_leave_one_province.csv,TRUE
diagnostic,CDH,dropping Ciudad de Buenos Aires,combined >=50%,estimation sample less Ciudad de Buenos Aires,mathematics,SD (anchored 2016 scale),0.0325,0.0145,"leverage check on point estimates, not an inference procedure",06k_leave_one_province.csv,TRUE
diagnostic,CDH,dropping Corrientes,combined >=50%,estimation sample less Corrientes,language,SD (anchored 2016 scale),0.0135,0.0115,"leverage check on point estimates, not an inference procedure",06k_leave_one_province.csv,TRUE
diagnostic,CDH,dropping Corrientes,combined >=50%,estimation sample less Corrientes,mathematics,SD (anchored 2016 scale),0.0264,0.014,"leverage check on point estimates, not an inference procedure",06k_leave_one_province.csv,TRUE
diagnostic,CDH,dropping Entre Ríos,combined >=50%,estimation sample less Entre Ríos,language,SD (anchored 2016 scale),0.0145,0.0116,"leverage check on point estimates, not an inference procedure",06k_leave_one_province.csv,TRUE
diagnostic,CDH,dropping Entre Ríos,combined >=50%,estimation sample less Entre Ríos,mathematics,SD (anchored 2016 scale),0.0231,0.0141,"leverage check on point estimates, not an inference procedure",06k_leave_one_province.csv,TRUE
diagnostic,CDH,dropping Formosa,combined >=50%,estimation sample less Formosa,language,SD (anchored 2016 scale),0.0152,0.0115,"leverage check on point estimates, not an inference procedure",06k_leave_one_province.csv,TRUE
diagnostic,CDH,dropping Formosa,combined >=50%,estimation sample less Formosa,mathematics,SD (anchored 2016 scale),0.0267,0.014,"leverage check on point estimates, not an inference procedure",06k_leave_one_province.csv,TRUE
diagnostic,CDH,dropping Jujuy,combined >=50%,estimation sample less Jujuy,language,SD (anchored 2016 scale),0.0122,0.0115,"leverage check on point estimates, not an inference procedure",06k_leave_one_province.csv,TRUE
diagnostic,CDH,dropping Jujuy,combined >=50%,estimation sample less Jujuy,mathematics,SD (anchored 2016 scale),0.0232,0.014,"leverage check on point estimates, not an inference procedure",06k_leave_one_province.csv,TRUE
diagnostic,CDH,dropping La Pampa,combined >=50%,estimation sample less La Pampa,language,SD (anchored 2016 scale),0.0155,0.0115,"leverage check on point estimates, not an inference procedure",06k_leave_one_province.csv,TRUE
diagnostic,CDH,dropping La Pampa,combined >=50%,estimation sample less La Pampa,mathematics,SD (anchored 2016 scale),0.0278,0.014,"leverage check on point estimates, not an inference procedure",06k_leave_one_province.csv,TRUE
diagnostic,CDH,dropping La Rioja,combined >=50%,estimation sample less La Rioja,language,SD (anchored 2016 scale),0.0164,0.0115,"leverage check on point estimates, not an inference procedure",06k_leave_one_province.csv,TRUE
diagnostic,CDH,dropping La Rioja,combined >=50%,estimation sample less La Rioja,mathematics,SD (anchored 2016 scale),0.0264,0.0141,"leverage check on point estimates, not an inference procedure",06k_leave_one_province.csv,TRUE
diagnostic,CDH,dropping Mendoza,combined >=50%,estimation sample less Mendoza,language,SD (anchored 2016 scale),0.0159,0.0116,"leverage check on point estimates, not an inference procedure",06k_leave_one_province.csv,TRUE
diagnostic,CDH,dropping Mendoza,combined >=50%,estimation sample less Mendoza,mathematics,SD (anchored 2016 scale),0.0405,0.0141,"leverage check on point estimates, not an inference procedure",06k_leave_one_province.csv,TRUE
diagnostic,CDH,dropping Misiones,combined >=50%,estimation sample less Misiones,language,SD (anchored 2016 scale),0.0153,0.0114,"leverage check on point estimates, not an inference procedure",06k_leave_one_province.csv,TRUE
diagnostic,CDH,dropping Misiones,combined >=50%,estimation sample less Misiones,mathematics,SD (anchored 2016 scale),0.0271,0.014,"leverage check on point estimates, not an inference procedure",06k_leave_one_province.csv,TRUE
diagnostic,CDH,dropping Neuquén,combined >=50%,estimation sample less Neuquén,language,SD (anchored 2016 scale),0.0159,0.0114,"leverage check on point estimates, not an inference procedure",06k_leave_one_province.csv,TRUE
diagnostic,CDH,dropping Neuquén,combined >=50%,estimation sample less Neuquén,mathematics,SD (anchored 2016 scale),0.0278,0.014,"leverage check on point estimates, not an inference procedure",06k_leave_one_province.csv,TRUE
diagnostic,CDH,dropping Río Negro,combined >=50%,estimation sample less Río Negro,language,SD (anchored 2016 scale),0.0142,0.0115,"leverage check on point estimates, not an inference procedure",06k_leave_one_province.csv,TRUE
diagnostic,CDH,dropping Río Negro,combined >=50%,estimation sample less Río Negro,mathematics,SD (anchored 2016 scale),0.0252,0.0141,"leverage check on point estimates, not an inference procedure",06k_leave_one_province.csv,TRUE
diagnostic,CDH,dropping Salta,combined >=50%,estimation sample less Salta,language,SD (anchored 2016 scale),0.0179,0.0114,"leverage check on point estimates, not an inference procedure",06k_leave_one_province.csv,TRUE
diagnostic,CDH,dropping Salta,combined >=50%,estimation sample less Salta,mathematics,SD (anchored 2016 scale),0.0288,0.0139,"leverage check on point estimates, not an inference procedure",06k_leave_one_province.csv,TRUE
diagnostic,CDH,dropping San Juan,combined >=50%,estimation sample less San Juan,language,SD (anchored 2016 scale),0.0124,0.0118,"leverage check on point estimates, not an inference procedure",06k_leave_one_province.csv,TRUE
diagnostic,CDH,dropping San Juan,combined >=50%,estimation sample less San Juan,mathematics,SD (anchored 2016 scale),0.0293,0.0144,"leverage check on point estimates, not an inference procedure",06k_leave_one_province.csv,TRUE
diagnostic,CDH,dropping San Luis,combined >=50%,estimation sample less San Luis,language,SD (anchored 2016 scale),0.0145,0.0114,"leverage check on point estimates, not an inference procedure",06k_leave_one_province.csv,TRUE
diagnostic,CDH,dropping San Luis,combined >=50%,estimation sample less San Luis,mathematics,SD (anchored 2016 scale),0.027,0.0139,"leverage check on point estimates, not an inference procedure",06k_leave_one_province.csv,TRUE
diagnostic,CDH,dropping Santa Cruz,combined >=50%,estimation sample less Santa Cruz,language,SD (anchored 2016 scale),0.0152,0.0118,"leverage check on point estimates, not an inference procedure",06k_leave_one_province.csv,TRUE
diagnostic,CDH,dropping Santa Cruz,combined >=50%,estimation sample less Santa Cruz,mathematics,SD (anchored 2016 scale),0.0279,0.0143,"leverage check on point estimates, not an inference procedure",06k_leave_one_province.csv,TRUE
diagnostic,CDH,dropping Santa Fe,combined >=50%,estimation sample less Santa Fe,language,SD (anchored 2016 scale),0.0181,0.0129,"leverage check on point estimates, not an inference procedure",06k_leave_one_province.csv,TRUE
diagnostic,CDH,dropping Santa Fe,combined >=50%,estimation sample less Santa Fe,mathematics,SD (anchored 2016 scale),0.027,0.0155,"leverage check on point estimates, not an inference procedure",06k_leave_one_province.csv,TRUE
diagnostic,CDH,dropping Santiago del Estero,combined >=50%,estimation sample less Santiago del Estero,language,SD (anchored 2016 scale),0.0128,0.0115,"leverage check on point estimates, not an inference procedure",06k_leave_one_province.csv,TRUE
diagnostic,CDH,dropping Santiago del Estero,combined >=50%,estimation sample less Santiago del Estero,mathematics,SD (anchored 2016 scale),0.0261,0.014,"leverage check on point estimates, not an inference procedure",06k_leave_one_province.csv,TRUE
diagnostic,CDH,dropping Tierra del Fuego,combined >=50%,estimation sample less Tierra del Fuego,language,SD (anchored 2016 scale),0.0134,0.0115,"leverage check on point estimates, not an inference procedure",06k_leave_one_province.csv,TRUE
diagnostic,CDH,dropping Tierra del Fuego,combined >=50%,estimation sample less Tierra del Fuego,mathematics,SD (anchored 2016 scale),0.0277,0.0141,"leverage check on point estimates, not an inference procedure",06k_leave_one_province.csv,TRUE
diagnostic,CDH,dropping Tucumán,combined >=50%,estimation sample less Tucumán,language,SD (anchored 2016 scale),0.0138,0.0116,"leverage check on point estimates, not an inference procedure",06k_leave_one_province.csv,TRUE
diagnostic,CDH,dropping Tucumán,combined >=50%,estimation sample less Tucumán,mathematics,SD (anchored 2016 scale),0.0268,0.0141,"leverage check on point estimates, not an inference procedure",06k_leave_one_province.csv,TRUE
diagnostic,CDH,exclude 2023 cohort (full waves),combined >=50%,"waves: 2016,2018,2021,2022,2023,2025",language,SD (anchored 2016 scale),0.021,,changes the estimand: dropping waves re-dates cohorts and re-spaces event time,06c_covid_robustness.csv,TRUE
diagnostic,CDH,exclude 2023 cohort (full waves),combined >=50%,"waves: 2016,2018,2021,2022,2023,2025",mathematics,SD (anchored 2016 scale),0.0309,,changes the estimand: dropping waves re-dates cohorts and re-spaces event time,06c_covid_robustness.csv,TRUE
diagnostic,CDH,"first spell 1 year (1 horizon, five censuses)",combined >=50%,switchers whose first spell lasts 1 year,language,SD (anchored 2016 scale),-0.0399,0.0124,"descriptive across classes, NOT a dose-response: spell length is realised after adoption",06p_spell_length_estimates.csv,TRUE
diagnostic,CDH,"first spell 1 year (1 horizon, five censuses)",combined >=50%,switchers whose first spell lasts 1 year,mathematics,SD (anchored 2016 scale),-0.0601,0.0148,"descriptive across classes, NOT a dose-response: spell length is realised after adoption",06p_spell_length_estimates.csv,TRUE
diagnostic,CDH,"first spell 1 year (1 horizon, six waves)",combined >=50%,switchers whose first spell lasts 1 year,language,SD (anchored 2016 scale),-0.0166,0.0154,"descriptive across classes, NOT a dose-response: spell length is realised after adoption",06p_spell_length_estimates.csv,TRUE
diagnostic,CDH,"first spell 1 year (1 horizon, six waves)",combined >=50%,switchers whose first spell lasts 1 year,mathematics,SD (anchored 2016 scale),0.0239,0.0176,"descriptive across classes, NOT a dose-response: spell length is realised after adoption",06p_spell_length_estimates.csv,TRUE
diagnostic,CDH,"first spell 1 year (1 horizon, three censuses)",combined >=50%,switchers whose first spell lasts 1 year,language,SD (anchored 2016 scale),-0.0373,0.013,"descriptive across classes, NOT a dose-response: spell length is realised after adoption",06p_spell_length_estimates.csv,TRUE
diagnostic,CDH,"first spell 1 year (1 horizon, three censuses)",combined >=50%,switchers whose first spell lasts 1 year,mathematics,SD (anchored 2016 scale),-0.0719,0.0156,"descriptive across classes, NOT a dose-response: spell length is realised after adoption",06p_spell_length_estimates.csv,TRUE
diagnostic,CDH,"first spell 1 year (2 horizons, five censuses)",combined >=50%,switchers whose first spell lasts 1 year,language,SD (anchored 2016 scale),-0.0399,0.0134,"descriptive across classes, NOT a dose-response: spell length is realised after adoption",06p_spell_length_estimates.csv,TRUE
diagnostic,CDH,"first spell 1 year (2 horizons, five censuses)",combined >=50%,switchers whose first spell lasts 1 year,mathematics,SD (anchored 2016 scale),-0.0846,0.0164,"descriptive across classes, NOT a dose-response: spell length is realised after adoption",06p_spell_length_estimates.csv,TRUE
diagnostic,CDH,"first spell 1 year (2 horizons, six waves)",combined >=50%,switchers whose first spell lasts 1 year,language,SD (anchored 2016 scale),-0.0149,0.0176,"descriptive across classes, NOT a dose-response: spell length is realised after adoption",06p_spell_length_estimates.csv,TRUE
diagnostic,CDH,"first spell 1 year (2 horizons, six waves)",combined >=50%,switchers whose first spell lasts 1 year,mathematics,SD (anchored 2016 scale),0.026,0.0199,"descriptive across classes, NOT a dose-response: spell length is realised after adoption",06p_spell_length_estimates.csv,TRUE
diagnostic,CDH,"first spell 1 year (2 horizons, three censuses)",combined >=50%,switchers whose first spell lasts 1 year,language,SD (anchored 2016 scale),-0.0399,0.0138,"descriptive across classes, NOT a dose-response: spell length is realised after adoption",06p_spell_length_estimates.csv,TRUE
diagnostic,CDH,"first spell 1 year (2 horizons, three censuses)",combined >=50%,switchers whose first spell lasts 1 year,mathematics,SD (anchored 2016 scale),-0.1087,0.0172,"descriptive across classes, NOT a dose-response: spell length is realised after adoption",06p_spell_length_estimates.csv,TRUE
diagnostic,CDH,"first spell 2 years (1 horizon, five censuses)",combined >=50%,switchers whose first spell lasts 2 years,language,SD (anchored 2016 scale),0.011,0.0217,"descriptive across classes, NOT a dose-response: spell length is realised after adoption",06p_spell_length_estimates.csv,TRUE
diagnostic,CDH,"first spell 2 years (1 horizon, five censuses)",combined >=50%,switchers whose first spell lasts 2 years,mathematics,SD (anchored 2016 scale),-0.017,0.0269,"descriptive across classes, NOT a dose-response: spell length is realised after adoption",06p_spell_length_estimates.csv,TRUE
diagnostic,CDH,"first spell 2 years (1 horizon, six waves)",combined >=50%,switchers whose first spell lasts 2 years,language,SD (anchored 2016 scale),0.0449,0.023,"descriptive across classes, NOT a dose-response: spell length is realised after adoption",06p_spell_length_estimates.csv,TRUE
diagnostic,CDH,"first spell 2 years (1 horizon, six waves)",combined >=50%,switchers whose first spell lasts 2 years,mathematics,SD (anchored 2016 scale),0.0211,0.0295,"descriptive across classes, NOT a dose-response: spell length is realised after adoption",06p_spell_length_estimates.csv,TRUE
diagnostic,CDH,"first spell 2 years (1 horizon, three censuses)",combined >=50%,switchers whose first spell lasts 2 years,language,SD (anchored 2016 scale),-0.0137,0.0242,"descriptive across classes, NOT a dose-response: spell length is realised after adoption",06p_spell_length_estimates.csv,TRUE
diagnostic,CDH,"first spell 2 years (1 horizon, three censuses)",combined >=50%,switchers whose first spell lasts 2 years,mathematics,SD (anchored 2016 scale),-0.0281,0.0283,"descriptive across classes, NOT a dose-response: spell length is realised after adoption",06p_spell_length_estimates.csv,TRUE
diagnostic,CDH,"first spell 2 years (2 horizons, five censuses)",combined >=50%,switchers whose first spell lasts 2 years,language,SD (anchored 2016 scale),0.022,0.0259,"descriptive across classes, NOT a dose-response: spell length is realised after adoption",06p_spell_length_estimates.csv,TRUE
diagnostic,CDH,"first spell 2 years (2 horizons, five censuses)",combined >=50%,switchers whose first spell lasts 2 years,mathematics,SD (anchored 2016 scale),-0.0191,0.0315,"descriptive across classes, NOT a dose-response: spell length is realised after adoption",06p_spell_length_estimates.csv,TRUE
diagnostic,CDH,"first spell 2 years (2 horizons, six waves)",combined >=50%,switchers whose first spell lasts 2 years,language,SD (anchored 2016 scale),0.0553,0.0239,"descriptive across classes, NOT a dose-response: spell length is realised after adoption",06p_spell_length_estimates.csv,TRUE
diagnostic,CDH,"first spell 2 years (2 horizons, six waves)",combined >=50%,switchers whose first spell lasts 2 years,mathematics,SD (anchored 2016 scale),0.0328,0.03,"descriptive across classes, NOT a dose-response: spell length is realised after adoption",06p_spell_length_estimates.csv,TRUE
diagnostic,CDH,"first spell 2 years (2 horizons, three censuses)",combined >=50%,switchers whose first spell lasts 2 years,language,SD (anchored 2016 scale),-0.0182,0.0281,"descriptive across classes, NOT a dose-response: spell length is realised after adoption",06p_spell_length_estimates.csv,TRUE
diagnostic,CDH,"first spell 2 years (2 horizons, three censuses)",combined >=50%,switchers whose first spell lasts 2 years,mathematics,SD (anchored 2016 scale),-0.0528,0.0316,"descriptive across classes, NOT a dose-response: spell length is realised after adoption",06p_spell_length_estimates.csv,TRUE
diagnostic,CDH,"first spell 3 or more years (1 horizon, five censuses)",combined >=50%,switchers whose first spell lasts 3 or more years,language,SD (anchored 2016 scale),-0.032,0.0143,"descriptive across classes, NOT a dose-response: spell length is realised after adoption",06p_spell_length_estimates.csv,TRUE
diagnostic,CDH,"first spell 3 or more years (1 horizon, five censuses)",combined >=50%,switchers whose first spell lasts 3 or more years,mathematics,SD (anchored 2016 scale),-0.0637,0.0171,"descriptive across classes, NOT a dose-response: spell length is realised after adoption",06p_spell_length_estimates.csv,TRUE
diagnostic,CDH,"first spell 3 or more years (1 horizon, six waves)",combined >=50%,switchers whose first spell lasts 3 or more years,language,SD (anchored 2016 scale),-0.0039,0.0171,"descriptive across classes, NOT a dose-response: spell length is realised after adoption",06p_spell_length_estimates.csv,TRUE
diagnostic,CDH,"first spell 3 or more years (1 horizon, six waves)",combined >=50%,switchers whose first spell lasts 3 or more years,mathematics,SD (anchored 2016 scale),-0.0066,0.0211,"descriptive across classes, NOT a dose-response: spell length is realised after adoption",06p_spell_length_estimates.csv,TRUE
diagnostic,CDH,"first spell 3 or more years (1 horizon, three censuses)",combined >=50%,switchers whose first spell lasts 3 or more years,language,SD (anchored 2016 scale),-0.0602,0.0171,"descriptive across classes, NOT a dose-response: spell length is realised after adoption",06p_spell_length_estimates.csv,TRUE
diagnostic,CDH,"first spell 3 or more years (1 horizon, three censuses)",combined >=50%,switchers whose first spell lasts 3 or more years,mathematics,SD (anchored 2016 scale),-0.1032,0.0202,"descriptive across classes, NOT a dose-response: spell length is realised after adoption",06p_spell_length_estimates.csv,TRUE
diagnostic,CDH,"first spell 3 or more years (2 horizons, five censuses)",combined >=50%,switchers whose first spell lasts 3 or more years,language,SD (anchored 2016 scale),-0.0185,0.0137,"descriptive across classes, NOT a dose-response: spell length is realised after adoption",06p_spell_length_estimates.csv,TRUE
diagnostic,CDH,"first spell 3 or more years (2 horizons, five censuses)",combined >=50%,switchers whose first spell lasts 3 or more years,mathematics,SD (anchored 2016 scale),-0.0597,0.0167,"descriptive across classes, NOT a dose-response: spell length is realised after adoption",06p_spell_length_estimates.csv,TRUE
diagnostic,CDH,"first spell 3 or more years (2 horizons, six waves)",combined >=50%,switchers whose first spell lasts 3 or more years,language,SD (anchored 2016 scale),0.0155,0.0173,"descriptive across classes, NOT a dose-response: spell length is realised after adoption",06p_spell_length_estimates.csv,TRUE
diagnostic,CDH,"first spell 3 or more years (2 horizons, six waves)",combined >=50%,switchers whose first spell lasts 3 or more years,mathematics,SD (anchored 2016 scale),0.0229,0.0218,"descriptive across classes, NOT a dose-response: spell length is realised after adoption",06p_spell_length_estimates.csv,TRUE
diagnostic,CDH,"first spell 3 or more years (2 horizons, three censuses)",combined >=50%,switchers whose first spell lasts 3 or more years,language,SD (anchored 2016 scale),-0.0419,0.0159,"descriptive across classes, NOT a dose-response: spell length is realised after adoption",06p_spell_length_estimates.csv,TRUE
diagnostic,CDH,"first spell 3 or more years (2 horizons, three censuses)",combined >=50%,switchers whose first spell lasts 3 or more years,mathematics,SD (anchored 2016 scale),-0.1029,0.0191,"descriptive across classes, NOT a dose-response: spell length is realised after adoption",06p_spell_length_estimates.csv,TRUE
diagnostic,CDH,"full (6 waves, headline)",combined >=50%,"waves: 2016,2018,2021,2022,2023,2025",language,SD (anchored 2016 scale),0.0147,,same as main,06c_covid_robustness.csv,TRUE
diagnostic,CDH,"full (6 waves, headline)",combined >=50%,"waves: 2016,2018,2021,2022,2023,2025",mathematics,SD (anchored 2016 scale),0.0277,,same as main,06c_covid_robustness.csv,TRUE
diagnostic,CDH,non-reverting subsample,combined >=50%,non-reverting schools,language,SD (anchored 2016 scale),0.0254,0.0172,"conditions on post-treatment behaviour, i.e. selection",11_nonreverter_results.csv,TRUE
diagnostic,CDH,non-reverting subsample,combined >=50%,non-reverting schools,mathematics,SD (anchored 2016 scale),0.0632,0.0213,"conditions on post-treatment behaviour, i.e. selection",11_nonreverter_results.csv,TRUE
diagnostic,CDH,outcome calendar: five censuses (1 horizon),combined >=50%,waves: five censuses,language,SD (anchored 2016 scale),-0.0272,0.009,"changes which waves enter, which re-dates adoption and re-spaces event time; the sign of the ATT depends on it",06n_calendar_estimates.csv,TRUE
diagnostic,CDH,outcome calendar: five censuses (1 horizon),combined >=50%,waves: five censuses,mathematics,SD (anchored 2016 scale),-0.0532,0.0108,"changes which waves enter, which re-dates adoption and re-spaces event time; the sign of the ATT depends on it",06n_calendar_estimates.csv,TRUE
diagnostic,CDH,outcome calendar: five censuses (2 horizons),combined >=50%,waves: five censuses,language,SD (anchored 2016 scale),-0.021,0.0094,"changes which waves enter, which re-dates adoption and re-spaces event time; the sign of the ATT depends on it",06n_calendar_estimates.csv,TRUE
diagnostic,CDH,outcome calendar: five censuses (2 horizons),combined >=50%,waves: five censuses,mathematics,SD (anchored 2016 scale),-0.0633,0.0115,"changes which waves enter, which re-dates adoption and re-spaces event time; the sign of the ATT depends on it",06n_calendar_estimates.csv,TRUE
diagnostic,CDH,"outcome calendar: five censuses (2 horizons, pupil-weighted)",combined >=50%,waves: five censuses,language,SD (anchored 2016 scale),0.0105,0.0066,"changes which waves enter, which re-dates adoption and re-spaces event time; the sign of the ATT depends on it",06n_calendar_estimates.csv,TRUE
diagnostic,CDH,"outcome calendar: five censuses (2 horizons, pupil-weighted)",combined >=50%,waves: five censuses,mathematics,SD (anchored 2016 scale),-0.0285,0.0082,"changes which waves enter, which re-dates adoption and re-spaces event time; the sign of the ATT depends on it",06n_calendar_estimates.csv,TRUE
diagnostic,CDH,"outcome calendar: five censuses (2 horizons, same switchers)",combined >=50%,waves: five censuses,language,SD (anchored 2016 scale),-0.0256,0.0105,"changes which waves enter, which re-dates adoption and re-spaces event time; the sign of the ATT depends on it",06n_calendar_estimates.csv,TRUE
diagnostic,CDH,"outcome calendar: five censuses (2 horizons, same switchers)",combined >=50%,waves: five censuses,mathematics,SD (anchored 2016 scale),-0.0737,0.0129,"changes which waves enter, which re-dates adoption and re-spaces event time; the sign of the ATT depends on it",06n_calendar_estimates.csv,TRUE
diagnostic,CDH,outcome calendar: six waves (1 horizon),combined >=50%,waves: six waves,language,SD (anchored 2016 scale),0.0033,0.0106,"changes which waves enter, which re-dates adoption and re-spaces event time; the sign of the ATT depends on it",06n_calendar_estimates.csv,TRUE
diagnostic,CDH,outcome calendar: six waves (1 horizon),combined >=50%,waves: six waves,mathematics,SD (anchored 2016 scale),0.0118,0.0129,"changes which waves enter, which re-dates adoption and re-spaces event time; the sign of the ATT depends on it",06n_calendar_estimates.csv,TRUE
diagnostic,CDH,outcome calendar: six waves (2 horizons),combined >=50%,waves: six waves,language,SD (anchored 2016 scale),0.0147,0.0114,"changes which waves enter, which re-dates adoption and re-spaces event time; the sign of the ATT depends on it",06n_calendar_estimates.csv,TRUE
diagnostic,CDH,outcome calendar: six waves (2 horizons),combined >=50%,waves: six waves,mathematics,SD (anchored 2016 scale),0.0277,0.0139,"changes which waves enter, which re-dates adoption and re-spaces event time; the sign of the ATT depends on it",06n_calendar_estimates.csv,TRUE
diagnostic,CDH,"outcome calendar: six waves (2 horizons, pupil-weighted)",combined >=50%,waves: six waves,language,SD (anchored 2016 scale),0.0134,0.0088,"changes which waves enter, which re-dates adoption and re-spaces event time; the sign of the ATT depends on it",06n_calendar_estimates.csv,TRUE
diagnostic,CDH,"outcome calendar: six waves (2 horizons, pupil-weighted)",combined >=50%,waves: six waves,mathematics,SD (anchored 2016 scale),0.0198,0.0104,"changes which waves enter, which re-dates adoption and re-spaces event time; the sign of the ATT depends on it",06n_calendar_estimates.csv,TRUE
diagnostic,CDH,"outcome calendar: six waves (2 horizons, same switchers)",combined >=50%,waves: six waves,language,SD (anchored 2016 scale),0.0225,0.0157,"changes which waves enter, which re-dates adoption and re-spaces event time; the sign of the ATT depends on it",06n_calendar_estimates.csv,TRUE
diagnostic,CDH,"outcome calendar: six waves (2 horizons, same switchers)",combined >=50%,waves: six waves,mathematics,SD (anchored 2016 scale),0.0435,0.0191,"changes which waves enter, which re-dates adoption and re-spaces event time; the sign of the ATT depends on it",06n_calendar_estimates.csv,TRUE
diagnostic,CDH,outcome calendar: three censuses (1 horizon),combined >=50%,waves: three censuses,language,SD (anchored 2016 scale),-0.0415,0.0101,"changes which waves enter, which re-dates adoption and re-spaces event time; the sign of the ATT depends on it",06n_calendar_estimates.csv,TRUE
diagnostic,CDH,outcome calendar: three censuses (1 horizon),combined >=50%,waves: three censuses,mathematics,SD (anchored 2016 scale),-0.0754,0.012,"changes which waves enter, which re-dates adoption and re-spaces event time; the sign of the ATT depends on it",06n_calendar_estimates.csv,TRUE
diagnostic,CDH,outcome calendar: three censuses (2 horizons),combined >=50%,waves: three censuses,language,SD (anchored 2016 scale),-0.0375,0.0103,"changes which waves enter, which re-dates adoption and re-spaces event time; the sign of the ATT depends on it",06n_calendar_estimates.csv,TRUE
diagnostic,CDH,outcome calendar: three censuses (2 horizons),combined >=50%,waves: three censuses,mathematics,SD (anchored 2016 scale),-0.0984,0.0126,"changes which waves enter, which re-dates adoption and re-spaces event time; the sign of the ATT depends on it",06n_calendar_estimates.csv,TRUE
diagnostic,CDH,"outcome calendar: three censuses (2 horizons, pupil-weighted)",combined >=50%,waves: three censuses,language,SD (anchored 2016 scale),0.0026,0.0067,"changes which waves enter, which re-dates adoption and re-spaces event time; the sign of the ATT depends on it",06n_calendar_estimates.csv,TRUE
diagnostic,CDH,"outcome calendar: three censuses (2 horizons, pupil-weighted)",combined >=50%,waves: three censuses,mathematics,SD (anchored 2016 scale),-0.0546,0.0087,"changes which waves enter, which re-dates adoption and re-spaces event time; the sign of the ATT depends on it",06n_calendar_estimates.csv,TRUE
diagnostic,CDH,"outcome calendar: three censuses (2 horizons, same switchers)",combined >=50%,waves: three censuses,language,SD (anchored 2016 scale),-0.0477,0.012,"changes which waves enter, which re-dates adoption and re-spaces event time; the sign of the ATT depends on it",06n_calendar_estimates.csv,TRUE
diagnostic,CDH,"outcome calendar: three censuses (2 horizons, same switchers)",combined >=50%,waves: three censuses,mathematics,SD (anchored 2016 scale),-0.1222,0.0146,"changes which waves enter, which re-dates adoption and re-spaces event time; the sign of the ATT depends on it",06n_calendar_estimates.csv,TRUE
diagnostic,CDH,reference specification,combined >=50%,estimation sample,language,SD (anchored 2016 scale),0.0147,0.0114,same as main,06k_leave_one_province.csv,TRUE
diagnostic,CDH,reference specification,combined >=50%,estimation sample,mathematics,SD (anchored 2016 scale),0.0277,0.0139,same as main,06k_leave_one_province.csv,TRUE
diagnostic,CS,drop 2021 (COVID trough),combined >=50%,"waves: 2016,2018,2022,2023,2025",language,SD (anchored 2016 scale),0.0106,0.024,changes the estimand: dropping waves re-dates cohorts and re-spaces event time,06c_covid_robustness.csv,FALSE
diagnostic,CS,drop 2021 (COVID trough),combined >=50%,"waves: 2016,2018,2022,2023,2025",mathematics,SD (anchored 2016 scale),0.0761,0.0281,changes the estimand: dropping waves re-dates cohorts and re-spaces event time,06c_covid_robustness.csv,FALSE
diagnostic,CS,drop 2021+2022 (COVID period),combined >=50%,"waves: 2016,2018,2023,2025",language,SD (anchored 2016 scale),0.0145,0.0122,changes the estimand: dropping waves re-dates cohorts and re-spaces event time,06c_covid_robustness.csv,FALSE
diagnostic,CS,drop 2021+2022 (COVID period),combined >=50%,"waves: 2016,2018,2023,2025",mathematics,SD (anchored 2016 scale),0.0364,0.0164,changes the estimand: dropping waves re-dates cohorts and re-spaces event time,06c_covid_robustness.csv,FALSE
diagnostic,CS,drop 2022 (sample wave),combined >=50%,"waves: 2016,2018,2021,2023,2025",language,SD (anchored 2016 scale),-0.0091,0.014,changes the estimand: dropping waves re-dates cohorts and re-spaces event time,06c_covid_robustness.csv,FALSE
diagnostic,CS,drop 2022 (sample wave),combined >=50%,"waves: 2016,2018,2021,2023,2025",mathematics,SD (anchored 2016 scale),0.0214,0.0156,changes the estimand: dropping waves re-dates cohorts and re-spaces event time,06c_covid_robustness.csv,FALSE
diagnostic,CS,exclude 2023 cohort (full waves),combined >=50%,"waves: 2016,2018,2021,2022,2023,2025",language,SD (anchored 2016 scale),-0.0115,0.0231,changes the estimand: dropping waves re-dates cohorts and re-spaces event time,06c_covid_robustness.csv,FALSE
diagnostic,CS,exclude 2023 cohort (full waves),combined >=50%,"waves: 2016,2018,2021,2022,2023,2025",mathematics,SD (anchored 2016 scale),0.0926,0.0273,changes the estimand: dropping waves re-dates cohorts and re-spaces event time,06c_covid_robustness.csv,FALSE
diagnostic,CS,"full (6 waves, headline)",combined >=50%,"waves: 2016,2018,2021,2022,2023,2025",language,SD (anchored 2016 scale),0.0069,0.0224,same as main,06c_covid_robustness.csv,FALSE
diagnostic,CS,"full (6 waves, headline)",combined >=50%,"waves: 2016,2018,2021,2022,2023,2025",mathematics,SD (anchored 2016 scale),0.0781,0.0253,same as main,06c_covid_robustness.csv,FALSE
diagnostic,CS,non-reverting subsample,combined >=50%,non-reverting schools,language,SD (anchored 2016 scale),0.0186,0.0377,"conditions on post-treatment behaviour, i.e. selection",11_nonreverter_results.csv,FALSE
diagnostic,CS,non-reverting subsample,combined >=50%,non-reverting schools,mathematics,SD (anchored 2016 scale),0.0825,0.041,"conditions on post-treatment behaviour, i.e. selection",11_nonreverter_results.csv,FALSE
diagnostic,FEct,FEct baseline,combined >=50%,estimation sample,language,SD (anchored 2016 scale),-0.0342,0.0069,tests whether carryover into the untreated pool explains the FEct/CDH gap,11_fect_carryover.csv,FALSE
diagnostic,FEct,FEct baseline,combined >=50%,estimation sample,mathematics,SD (anchored 2016 scale),-0.0547,0.0088,tests whether carryover into the untreated pool explains the FEct/CDH gap,11_fect_carryover.csv,FALSE
diagnostic,FEct,"FEct, post-exit waves removed",combined >=50%,estimation sample less the waves following a contraction,language,SD (anchored 2016 scale),-0.0535,0.0074,tests whether carryover into the untreated pool explains the FEct/CDH gap,11_fect_carryover.csv,FALSE
diagnostic,FEct,"FEct, post-exit waves removed",combined >=50%,estimation sample less the waves following a contraction,mathematics,SD (anchored 2016 scale),-0.0749,0.0094,tests whether carryover into the untreated pool explains the FEct/CDH gap,11_fect_carryover.csv,FALSE
diagnostic,FEct,sample grid: excl. 2023 cohort,combined >=50%,excl. 2023 cohort,language,SD (anchored 2016 scale),-0.0123,0.0087,,11c_sample_grid.csv,FALSE
diagnostic,FEct,sample grid: excl. 2023 cohort,combined >=50%,excl. 2023 cohort,mathematics,SD (anchored 2016 scale),-0.0115,0.0107,,11c_sample_grid.csv,FALSE
diagnostic,FEct,sample grid: full,combined >=50%,full,language,SD (anchored 2016 scale),-0.0342,0.0069,,11c_sample_grid.csv,FALSE
diagnostic,FEct,sample grid: full,combined >=50%,full,mathematics,SD (anchored 2016 scale),-0.0547,0.0088,,11c_sample_grid.csv,FALSE
diagnostic,FEct,sample grid: non-reverting (CDH),combined >=50%,non-reverting (CDH),language,SD (anchored 2016 scale),-0.0449,0.012,,11c_sample_grid.csv,FALSE
diagnostic,FEct,sample grid: non-reverting (CDH),combined >=50%,non-reverting (CDH),mathematics,SD (anchored 2016 scale),-0.0773,0.0152,,11c_sample_grid.csv,FALSE
diagnostic,TWFE,non-reverting subsample,combined >=50%,non-reverting schools,language,SD (anchored 2016 scale),-0.042,0.0111,"conditions on post-treatment behaviour, i.e. selection",11_nonreverter_results.csv,FALSE
diagnostic,TWFE,non-reverting subsample,combined >=50%,non-reverting schools,mathematics,SD (anchored 2016 scale),-0.0773,0.0136,"conditions on post-treatment behaviour, i.e. selection",11_nonreverter_results.csv,FALSE
estimator robustness,CDH,"like-for-like, local: not-yet-treated",combined >=50%,non-reverting schools (common sample),language,SD (anchored 2016 scale),0.0201,0.0173,"aggregates THREE horizons, unlike the two of the main specification",11b_like_for_like.csv,TRUE
estimator robustness,CDH,"like-for-like, local: not-yet-treated",combined >=50%,non-reverting schools (common sample),mathematics,SD (anchored 2016 scale),0.0486,0.0211,"aggregates THREE horizons, unlike the two of the main specification",11b_like_for_like.csv,TRUE
estimator robustness,CS,composition + SES covariates (CS reference),combined >=50%,"absorbing subsample, composition-complete",language,SD (anchored 2016 scale),0.0051,0.0273,,06_estimation_main.csv,FALSE
estimator robustness,CS,composition + SES covariates (CS reference),combined >=50%,"absorbing subsample, composition-complete",mathematics,SD (anchored 2016 scale),0.0486,0.0292,,06_estimation_main.csv,FALSE
estimator robustness,CS,"like-for-like, local: not-yet-treated",combined >=50%,non-reverting schools (common sample),language,SD (anchored 2016 scale),-0.0041,0.0291,,11b_like_for_like.csv,FALSE
estimator robustness,CS,"like-for-like, local: not-yet-treated",combined >=50%,non-reverting schools (common sample),mathematics,SD (anchored 2016 scale),0.0826,0.0333,,11b_like_for_like.csv,FALSE
estimator robustness,FEct,FE imputation,combined >=50%,estimation sample,language,SD (anchored 2016 scale),-0.0342,0.0069,,11_fect_results.csv,FALSE
estimator robustness,FEct,FE imputation,combined >=50%,estimation sample,mathematics,SD (anchored 2016 scale),-0.0547,0.0088,,11_fect_results.csv,FALSE
estimator robustness,FEct,interactive FE,combined >=50%,estimation sample,language,SD (anchored 2016 scale),-0.0227,0.0081,,11_fect_results.csv,FALSE
estimator robustness,FEct,interactive FE,combined >=50%,estimation sample,mathematics,SD (anchored 2016 scale),-0.0516,0.0106,,11_fect_results.csv,FALSE
estimator robustness,FEct,"like-for-like, common two-way trend",combined >=50%,non-reverting schools (common sample),language,SD (anchored 2016 scale),-0.0449,0.012,,11b_like_for_like.csv,FALSE
estimator robustness,FEct,"like-for-like, common two-way trend",combined >=50%,non-reverting schools (common sample),mathematics,SD (anchored 2016 scale),-0.0773,0.0152,,11b_like_for_like.csv,FALSE
estimator robustness,FEct,"like-for-like, factor structure",combined >=50%,non-reverting schools (common sample),language,SD (anchored 2016 scale),-0.0193,0.0139,,11b_like_for_like.csv,FALSE
estimator robustness,FEct,"like-for-like, factor structure",combined >=50%,non-reverting schools (common sample),mathematics,SD (anchored 2016 scale),-0.0751,0.0164,,11b_like_for_like.csv,FALSE
estimator robustness,TWFE,"like-for-like, common two-way trend",combined >=50%,non-reverting schools (common sample),language,SD (anchored 2016 scale),-0.042,0.0111,,11b_like_for_like.csv,FALSE
estimator robustness,TWFE,"like-for-like, common two-way trend",combined >=50%,non-reverting schools (common sample),mathematics,SD (anchored 2016 scale),-0.0773,0.0136,,11b_like_for_like.csv,FALSE
estimator robustness,TWFE,static benchmark,combined >=50%,estimation sample,language,SD (anchored 2016 scale),-0.0294,0.0063,biased under staggered timing with reversals; reference only,06_estimation_main.csv,FALSE
estimator robustness,TWFE,static benchmark,combined >=50%,estimation sample,mathematics,SD (anchored 2016 scale),-0.0503,0.0077,biased under staggered timing with reversals; reference only,06_estimation_main.csv,FALSE
heterogeneity (exploratory),CDH,SES tercile = 1,combined >=50%,full subsample,language,SD (anchored 2016 scale),0.0452,0.03,"split-sample subgroup effect, reported as descriptive",10_heterogeneity_results.csv,TRUE
heterogeneity (exploratory),CDH,SES tercile = 1,combined >=50%,excl. 2023 cohort subsample,language,SD (anchored 2016 scale),0.0541,0.0337,"split-sample subgroup effect, reported as descriptive",10_heterogeneity_results.csv,TRUE
heterogeneity (exploratory),CDH,SES tercile = 1,combined >=50%,full subsample,mathematics,SD (anchored 2016 scale),0.0465,0.0382,"split-sample subgroup effect, reported as descriptive",10_heterogeneity_results.csv,TRUE
heterogeneity (exploratory),CDH,SES tercile = 1,combined >=50%,excl. 2023 cohort subsample,mathematics,SD (anchored 2016 scale),0.0813,0.0434,"split-sample subgroup effect, reported as descriptive",10_heterogeneity_results.csv,TRUE
heterogeneity (exploratory),CDH,SES tercile = 2,combined >=50%,full subsample,language,SD (anchored 2016 scale),0.0027,0.0172,"split-sample subgroup effect, reported as descriptive",10_heterogeneity_results.csv,TRUE
heterogeneity (exploratory),CDH,SES tercile = 2,combined >=50%,excl. 2023 cohort subsample,language,SD (anchored 2016 scale),0.0051,0.019,"split-sample subgroup effect, reported as descriptive",10_heterogeneity_results.csv,TRUE
heterogeneity (exploratory),CDH,SES tercile = 2,combined >=50%,full subsample,mathematics,SD (anchored 2016 scale),0.0359,0.0216,"split-sample subgroup effect, reported as descriptive",10_heterogeneity_results.csv,TRUE
heterogeneity (exploratory),CDH,SES tercile = 2,combined >=50%,excl. 2023 cohort subsample,mathematics,SD (anchored 2016 scale),0.0231,0.0235,"split-sample subgroup effect, reported as descriptive",10_heterogeneity_results.csv,TRUE
heterogeneity (exploratory),CDH,SES tercile = 3,combined >=50%,full subsample,language,SD (anchored 2016 scale),0.0149,0.0146,"split-sample subgroup effect, reported as descriptive",10_heterogeneity_results.csv,TRUE
heterogeneity (exploratory),CDH,SES tercile = 3,combined >=50%,excl. 2023 cohort subsample,language,SD (anchored 2016 scale),0.0104,0.0152,"split-sample subgroup effect, reported as descriptive",10_heterogeneity_results.csv,TRUE
heterogeneity (exploratory),CDH,SES tercile = 3,combined >=50%,full subsample,mathematics,SD (anchored 2016 scale),0.0085,0.0153,"split-sample subgroup effect, reported as descriptive",10_heterogeneity_results.csv,TRUE
heterogeneity (exploratory),CDH,SES tercile = 3,combined >=50%,excl. 2023 cohort subsample,mathematics,SD (anchored 2016 scale),0.0028,0.016,"split-sample subgroup effect, reported as descriptive",10_heterogeneity_results.csv,TRUE
heterogeneity (exploratory),CDH,area = rural,combined >=50%,full subsample,language,SD (anchored 2016 scale),0.0436,0.0269,"split-sample subgroup effect, reported as descriptive",10_heterogeneity_results.csv,TRUE
heterogeneity (exploratory),CDH,area = rural,combined >=50%,full subsample,mathematics,SD (anchored 2016 scale),0.0305,0.0334,"split-sample subgroup effect, reported as descriptive",10_heterogeneity_results.csv,TRUE
heterogeneity (exploratory),CDH,area = urban,combined >=50%,full subsample,language,SD (anchored 2016 scale),0.0043,0.0107,"split-sample subgroup effect, reported as descriptive",10_heterogeneity_results.csv,TRUE
heterogeneity (exploratory),CDH,area = urban,combined >=50%,full subsample,mathematics,SD (anchored 2016 scale),0.0234,0.0128,"split-sample subgroup effect, reported as descriptive",10_heterogeneity_results.csv,TRUE
heterogeneity (exploratory),CDH,context quartile = 1,combined >=50%,full subsample,language,SD (anchored 2016 scale),0.0346,0.0229,"split-sample subgroup effect, reported as descriptive",10_heterogeneity_results.csv,TRUE
heterogeneity (exploratory),CDH,context quartile = 1,combined >=50%,excl. 2023 cohort subsample,language,SD (anchored 2016 scale),0.0467,0.0258,"split-sample subgroup effect, reported as descriptive",10_heterogeneity_results.csv,TRUE
heterogeneity (exploratory),CDH,context quartile = 1,combined >=50%,full subsample,mathematics,SD (anchored 2016 scale),0.0692,0.0284,"split-sample subgroup effect, reported as descriptive",10_heterogeneity_results.csv,TRUE
heterogeneity (exploratory),CDH,context quartile = 1,combined >=50%,excl. 2023 cohort subsample,mathematics,SD (anchored 2016 scale),0.075,0.0318,"split-sample subgroup effect, reported as descriptive",10_heterogeneity_results.csv,TRUE
heterogeneity (exploratory),CDH,context quartile = 2,combined >=50%,full subsample,language,SD (anchored 2016 scale),0.0096,0.0211,"split-sample subgroup effect, reported as descriptive",10_heterogeneity_results.csv,TRUE
heterogeneity (exploratory),CDH,context quartile = 2,combined >=50%,excl. 2023 cohort subsample,language,SD (anchored 2016 scale),-0.0042,0.0225,"split-sample subgroup effect, reported as descriptive",10_heterogeneity_results.csv,TRUE
heterogeneity (exploratory),CDH,context quartile = 2,combined >=50%,full subsample,mathematics,SD (anchored 2016 scale),0.0077,0.027,"split-sample subgroup effect, reported as descriptive",10_heterogeneity_results.csv,TRUE
heterogeneity (exploratory),CDH,context quartile = 2,combined >=50%,excl. 2023 cohort subsample,mathematics,SD (anchored 2016 scale),-0.0063,0.0291,"split-sample subgroup effect, reported as descriptive",10_heterogeneity_results.csv,TRUE
heterogeneity (exploratory),CDH,context quartile = 3,combined >=50%,full subsample,language,SD (anchored 2016 scale),0.0015,0.0199,"split-sample subgroup effect, reported as descriptive",10_heterogeneity_results.csv,TRUE
heterogeneity (exploratory),CDH,context quartile = 3,combined >=50%,excl. 2023 cohort subsample,language,SD (anchored 2016 scale),0.0102,0.021,"split-sample subgroup effect, reported as descriptive",10_heterogeneity_results.csv,TRUE
heterogeneity (exploratory),CDH,context quartile = 3,combined >=50%,full subsample,mathematics,SD (anchored 2016 scale),0.0097,0.0238,"split-sample subgroup effect, reported as descriptive",10_heterogeneity_results.csv,TRUE
heterogeneity (exploratory),CDH,context quartile = 3,combined >=50%,excl. 2023 cohort subsample,mathematics,SD (anchored 2016 scale),0.0248,0.0249,"split-sample subgroup effect, reported as descriptive",10_heterogeneity_results.csv,TRUE
heterogeneity (exploratory),CDH,context quartile = 4,combined >=50%,full subsample,language,SD (anchored 2016 scale),0.0109,0.02,"split-sample subgroup effect, reported as descriptive",10_heterogeneity_results.csv,TRUE
heterogeneity (exploratory),CDH,context quartile = 4,combined >=50%,excl. 2023 cohort subsample,language,SD (anchored 2016 scale),0.0074,0.0212,"split-sample subgroup effect, reported as descriptive",10_heterogeneity_results.csv,TRUE
heterogeneity (exploratory),CDH,context quartile = 4,combined >=50%,full subsample,mathematics,SD (anchored 2016 scale),0.0217,0.0211,"split-sample subgroup effect, reported as descriptive",10_heterogeneity_results.csv,TRUE
heterogeneity (exploratory),CDH,context quartile = 4,combined >=50%,excl. 2023 cohort subsample,mathematics,SD (anchored 2016 scale),0.022,0.0223,"split-sample subgroup effect, reported as descriptive",10_heterogeneity_results.csv,TRUE
heterogeneity (exploratory),CDH,region = Centro/Pampeana,combined >=50%,full subsample,language,SD (anchored 2016 scale),0.017,0.014,"split-sample subgroup effect, reported as descriptive",10_heterogeneity_results.csv,TRUE
heterogeneity (exploratory),CDH,region = Centro/Pampeana,combined >=50%,excl. 2023 cohort subsample,language,SD (anchored 2016 scale),0.0187,0.0149,"split-sample subgroup effect, reported as descriptive",10_heterogeneity_results.csv,TRUE
heterogeneity (exploratory),CDH,region = Centro/Pampeana,combined >=50%,full subsample,mathematics,SD (anchored 2016 scale),0.0282,0.0172,"split-sample subgroup effect, reported as descriptive",10_heterogeneity_results.csv,TRUE
heterogeneity (exploratory),CDH,region = Centro/Pampeana,combined >=50%,excl. 2023 cohort subsample,mathematics,SD (anchored 2016 scale),0.0288,0.0182,"split-sample subgroup effect, reported as descriptive",10_heterogeneity_results.csv,TRUE
heterogeneity (exploratory),CDH,region = Cuyo,combined >=50%,full subsample,language,SD (anchored 2016 scale),0.019,0.0414,"split-sample subgroup effect, reported as descriptive",10_heterogeneity_results.csv,TRUE
heterogeneity (exploratory),CDH,region = Cuyo,combined >=50%,excl. 2023 cohort subsample,language,SD (anchored 2016 scale),0.0323,0.0434,"split-sample subgroup effect, reported as descriptive",10_heterogeneity_results.csv,TRUE
heterogeneity (exploratory),CDH,region = Cuyo,combined >=50%,full subsample,mathematics,SD (anchored 2016 scale),-0.0901,0.0504,"split-sample subgroup effect, reported as descriptive",10_heterogeneity_results.csv,TRUE
heterogeneity (exploratory),CDH,region = Cuyo,combined >=50%,excl. 2023 cohort subsample,mathematics,SD (anchored 2016 scale),-0.0741,0.0516,"split-sample subgroup effect, reported as descriptive",10_heterogeneity_results.csv,TRUE
heterogeneity (exploratory),CDH,region = NEA,combined >=50%,full subsample,language,SD (anchored 2016 scale),-0.0158,0.0475,"split-sample subgroup effect, reported as descriptive",10_heterogeneity_results.csv,TRUE
heterogeneity (exploratory),CDH,region = NEA,combined >=50%,excl. 2023 cohort subsample,language,SD (anchored 2016 scale),-0.0381,0.0679,"split-sample subgroup effect, reported as descriptive",10_heterogeneity_results.csv,TRUE
heterogeneity (exploratory),CDH,region = NEA,combined >=50%,full subsample,mathematics,SD (anchored 2016 scale),0.0268,0.0602,"split-sample subgroup effect, reported as descriptive",10_heterogeneity_results.csv,TRUE
heterogeneity (exploratory),CDH,region = NEA,combined >=50%,excl. 2023 cohort subsample,mathematics,SD (anchored 2016 scale),0.0397,0.0749,"split-sample subgroup effect, reported as descriptive",10_heterogeneity_results.csv,TRUE
heterogeneity (exploratory),CDH,region = NOA,combined >=50%,full subsample,language,SD (anchored 2016 scale),0.0204,0.0384,"split-sample subgroup effect, reported as descriptive",10_heterogeneity_results.csv,TRUE
heterogeneity (exploratory),CDH,region = NOA,combined >=50%,excl. 2023 cohort subsample,language,SD (anchored 2016 scale),0.0148,0.0462,"split-sample subgroup effect, reported as descriptive",10_heterogeneity_results.csv,TRUE
heterogeneity (exploratory),CDH,region = NOA,combined >=50%,full subsample,mathematics,SD (anchored 2016 scale),0.0881,0.0455,"split-sample subgroup effect, reported as descriptive",10_heterogeneity_results.csv,TRUE
heterogeneity (exploratory),CDH,region = NOA,combined >=50%,excl. 2023 cohort subsample,mathematics,SD (anchored 2016 scale),0.1135,0.0579,"split-sample subgroup effect, reported as descriptive",10_heterogeneity_results.csv,TRUE
heterogeneity (exploratory),CDH,region = Patagonia,combined >=50%,full subsample,language,SD (anchored 2016 scale),0.0025,0.0324,"split-sample subgroup effect, reported as descriptive",10_heterogeneity_results.csv,TRUE
heterogeneity (exploratory),CDH,region = Patagonia,combined >=50%,excl. 2023 cohort subsample,language,SD (anchored 2016 scale),0.0101,0.034,"split-sample subgroup effect, reported as descriptive",10_heterogeneity_results.csv,TRUE
heterogeneity (exploratory),CDH,region = Patagonia,combined >=50%,full subsample,mathematics,SD (anchored 2016 scale),0.0353,0.034,"split-sample subgroup effect, reported as descriptive",10_heterogeneity_results.csv,TRUE
heterogeneity (exploratory),CDH,region = Patagonia,combined >=50%,excl. 2023 cohort subsample,mathematics,SD (anchored 2016 scale),0.0373,0.0353,"split-sample subgroup effect, reported as descriptive",10_heterogeneity_results.csv,TRUE
heterogeneity (exploratory),CDH,sector = private,combined >=50%,full subsample,language,SD (anchored 2016 scale),0.0161,0.017,"split-sample subgroup effect, reported as descriptive",10_heterogeneity_results.csv,TRUE
heterogeneity (exploratory),CDH,sector = private,combined >=50%,full subsample,mathematics,SD (anchored 2016 scale),0.0045,0.0177,"split-sample subgroup effect, reported as descriptive",10_heterogeneity_results.csv,TRUE
heterogeneity (exploratory),CDH,sector = public,combined >=50%,full subsample,language,SD (anchored 2016 scale),0.0151,0.0141,"split-sample subgroup effect, reported as descriptive",10_heterogeneity_results.csv,TRUE
heterogeneity (exploratory),CDH,sector = public,combined >=50%,full subsample,mathematics,SD (anchored 2016 scale),0.0272,0.0174,"split-sample subgroup effect, reported as descriptive",10_heterogeneity_results.csv,TRUE
main,CDH,reference specification,combined >=50%,estimation sample,language,SD (anchored 2016 scale),0.0147,0.0114,,06_estimation_main.csv,TRUE
main,CDH,reference specification,combined >=50%,estimation sample,mathematics,SD (anchored 2016 scale),0.0277,0.0139,,06_estimation_main.csv,TRUE
secondary outcome,CDH,CDH drop 2020-21,combined >=50%,annual census panel,dropout,percentage points,-0.0149,0.0648,,09_trajectory_results.csv,TRUE
secondary outcome,CDH,CDH drop 2020-21,combined >=50%,annual census panel,non-promotion,percentage points,0.029,0.1022,,09_trajectory_results.csv,TRUE
secondary outcome,CDH,CDH full panel,combined >=50%,annual census panel,dropout,percentage points,-0.0189,0.0621,,09_trajectory_results.csv,TRUE
secondary outcome,CDH,CDH full panel,combined >=50%,annual census panel,non-promotion,percentage points,0.0788,0.1004,,09_trajectory_results.csv,TRUE
secondary outcome,CDH,CDH genuine only,combined >=50%,annual census panel,dropout,percentage points,-0.0148,0.0759,,09_trajectory_results.csv,TRUE
secondary outcome,CDH,CDH genuine only,combined >=50%,annual census panel,non-promotion,percentage points,0.1764,0.1176,,09_trajectory_results.csv,TRUE
secondary outcome,CS,CS full (+covars),combined >=50%,annual census panel,dropout,percentage points,-0.0431,0.1071,,09_trajectory_results.csv,FALSE
secondary outcome,CS,CS full (+covars),combined >=50%,annual census panel,non-promotion,percentage points,-0.4255,0.1992,,09_trajectory_results.csv,FALSE
specification robustness,CDH,"2 horizons, same switchers",combined >=50%,estimation sample,language,SD (anchored 2016 scale),0.0225,0.0157,,06g_cdh_options.csv,TRUE
specification robustness,CDH,"2 horizons, same switchers",combined >=50%,estimation sample,mathematics,SD (anchored 2016 scale),0.0435,0.0191,,06g_cdh_options.csv,TRUE
specification robustness,CDH,"2 horizons, same switchers, pupil-weighted",combined >=50%,estimation sample,language,SD (anchored 2016 scale),0.0164,0.0122,,06g_cdh_options.csv,TRUE
specification robustness,CDH,"2 horizons, same switchers, pupil-weighted",combined >=50%,estimation sample,mathematics,SD (anchored 2016 scale),0.0243,0.0144,,06g_cdh_options.csv,TRUE
specification robustness,CDH,"3 horizons, all switchers",combined >=50%,estimation sample,language,SD (anchored 2016 scale),0.0118,0.0116,,06g_cdh_options.csv,TRUE
specification robustness,CDH,"3 horizons, all switchers",combined >=50%,estimation sample,mathematics,SD (anchored 2016 scale),0.0185,0.0142,,06g_cdh_options.csv,TRUE
specification robustness,CDH,"3 horizons, same switchers",combined >=50%,estimation sample,language,SD (anchored 2016 scale),0.0218,0.0272,,06g_cdh_options.csv,TRUE
specification robustness,CDH,"3 horizons, same switchers",combined >=50%,estimation sample,mathematics,SD (anchored 2016 scale),-0.0083,0.0311,,06g_cdh_options.csv,TRUE
specification robustness,CDH,SES-stratum-specific year trends,combined >=50%,estimation sample,language,SD (anchored 2016 scale),0.0166,0.0117,,06g_cdh_options.csv,TRUE
specification robustness,CDH,SES-stratum-specific year trends,combined >=50%,estimation sample,mathematics,SD (anchored 2016 scale),0.0264,0.0143,,06g_cdh_options.csv,TRUE
specification robustness,CDH,aggregation window: 1 horizon(s),combined >=50%,estimation sample,language,SD (anchored 2016 scale),0.0033,0.0106,,06g_horizon_sensitivity.csv,TRUE
specification robustness,CDH,aggregation window: 1 horizon(s),full-day >=50%,estimation sample (full-day defined),language,SD (anchored 2016 scale),0.0207,0.0207,,06g_horizon_sensitivity.csv,TRUE
specification robustness,CDH,aggregation window: 1 horizon(s),combined >=50%,estimation sample,mathematics,SD (anchored 2016 scale),0.0118,0.0129,,06g_horizon_sensitivity.csv,TRUE
specification robustness,CDH,aggregation window: 1 horizon(s),full-day >=50%,estimation sample (full-day defined),mathematics,SD (anchored 2016 scale),0.0688,0.0261,,06g_horizon_sensitivity.csv,TRUE
specification robustness,CDH,aggregation window: 2 horizon(s),combined >=50%,estimation sample,language,SD (anchored 2016 scale),0.0147,0.0114,same as main,06g_horizon_sensitivity.csv,TRUE
specification robustness,CDH,aggregation window: 2 horizon(s),full-day >=50%,estimation sample (full-day defined),language,SD (anchored 2016 scale),0.021,0.0215,,06g_horizon_sensitivity.csv,TRUE
specification robustness,CDH,aggregation window: 2 horizon(s),combined >=50%,estimation sample,mathematics,SD (anchored 2016 scale),0.0277,0.0139,same as main,06g_horizon_sensitivity.csv,TRUE
specification robustness,CDH,aggregation window: 2 horizon(s),full-day >=50%,estimation sample (full-day defined),mathematics,SD (anchored 2016 scale),0.0653,0.0278,,06g_horizon_sensitivity.csv,TRUE
specification robustness,CDH,aggregation window: 3 horizon(s),combined >=50%,estimation sample,language,SD (anchored 2016 scale),0.0118,0.0116,,06g_horizon_sensitivity.csv,TRUE
specification robustness,CDH,aggregation window: 3 horizon(s),full-day >=50%,estimation sample (full-day defined),language,SD (anchored 2016 scale),0.0174,0.0215,,06g_horizon_sensitivity.csv,TRUE
specification robustness,CDH,aggregation window: 3 horizon(s),combined >=50%,estimation sample,mathematics,SD (anchored 2016 scale),0.0185,0.0142,,06g_horizon_sensitivity.csv,TRUE
specification robustness,CDH,aggregation window: 3 horizon(s),full-day >=50%,estimation sample (full-day defined),mathematics,SD (anchored 2016 scale),0.0672,0.0282,,06g_horizon_sensitivity.csv,TRUE
specification robustness,CDH,"complete-case, composition controls",combined >=50%,"estimation sample, composition-complete",language,SD (anchored 2016 scale),0.0122,0.0113,,06g_cdh_options.csv,TRUE
specification robustness,CDH,"complete-case, composition controls",combined >=50%,"estimation sample, composition-complete",mathematics,SD (anchored 2016 scale),0.0248,0.0136,,06g_cdh_options.csv,TRUE
specification robustness,CDH,"complete-case, uncontrolled",combined >=50%,"estimation sample, composition-complete",language,SD (anchored 2016 scale),0.0128,0.0113,,06g_cdh_options.csv,TRUE
specification robustness,CDH,"complete-case, uncontrolled",combined >=50%,"estimation sample, composition-complete",mathematics,SD (anchored 2016 scale),0.0245,0.0137,,06g_cdh_options.csv,TRUE
specification robustness,CDH,enrolment-weighted (pupil-average estimand),combined >=50%,estimation sample,language,SD (anchored 2016 scale),0.0108,0.0087,,06_estimation_main.csv,TRUE
specification robustness,CDH,enrolment-weighted (pupil-average estimand),combined >=50%,estimation sample,mathematics,SD (anchored 2016 scale),0.0183,0.0102,,06_estimation_main.csv,TRUE
specification robustness,CDH,full-day regime only,full-day >=50%,estimation sample (full-day defined),language,SD (anchored 2016 scale),0.021,0.0215,,06_estimation_main.csv,TRUE
specification robustness,CDH,full-day regime only,full-day >=50%,estimation sample (full-day defined),mathematics,SD (anchored 2016 scale),0.0653,0.0278,,06_estimation_main.csv,TRUE
specification robustness,CDH,grade-6 exposure: full,combined >=50%,full,language,SD (anchored 2016 scale),0.0147,,same as main,06e_grade_alignment.csv,TRUE
specification robustness,CDH,grade-6 exposure: full,combined >=50%,full,mathematics,SD (anchored 2016 scale),0.0277,,same as main,06e_grade_alignment.csv,TRUE
specification robustness,CDH,grade-6 exposure: grade-6-certain,combined >=50%,grade-6-certain,language,SD (anchored 2016 scale),0.0124,,source table carries no standard error,06e_grade_alignment.csv,TRUE
specification robustness,CDH,grade-6 exposure: grade-6-certain,combined >=50%,grade-6-certain,mathematics,SD (anchored 2016 scale),0.0374,,source table carries no standard error,06e_grade_alignment.csv,TRUE
specification robustness,CDH,grade-6-enrolment-weighted (pupil-average estimand),combined >=50%,estimation sample,language,SD (anchored 2016 scale),0.0134,0.0088,,06_estimation_main.csv,TRUE
specification robustness,CDH,grade-6-enrolment-weighted (pupil-average estimand),combined >=50%,estimation sample,mathematics,SD (anchored 2016 scale),0.0198,0.0104,,06_estimation_main.csv,TRUE
specification robustness,CDH,group-specific linear trends,combined >=50%,estimation sample,language,SD (anchored 2016 scale),,,average cumulative effect is not defined under trends_lin; per-horizon effects in the source file,06g_cdh_options.csv,TRUE
specification robustness,CDH,group-specific linear trends,combined >=50%,estimation sample,mathematics,SD (anchored 2016 scale),,,average cumulative effect is not defined under trends_lin; per-horizon effects in the source file,06g_cdh_options.csv,TRUE
specification robustness,CDH,main (2 horizons),combined >=50%,estimation sample,language,SD (anchored 2016 scale),0.0147,0.0114,same as main,06g_cdh_options.csv,TRUE
specification robustness,CDH,main (2 horizons),combined >=50%,estimation sample,mathematics,SD (anchored 2016 scale),0.0277,0.0139,same as main,06g_cdh_options.csv,TRUE
specification robustness,CDH,more granular demeaning,combined >=50%,estimation sample,language,SD (anchored 2016 scale),0.0147,0.0114,,06g_cdh_options.csv,TRUE
specification robustness,CDH,more granular demeaning,combined >=50%,estimation sample,mathematics,SD (anchored 2016 scale),0.0277,0.0139,,06g_cdh_options.csv,TRUE
specification robustness,CDH,never-switchers as comparison group,combined >=50%,estimation sample,language,SD (anchored 2016 scale),0.0135,0.0113,,06_estimation_main.csv,TRUE
specification robustness,CDH,never-switchers as comparison group,combined >=50%,estimation sample,mathematics,SD (anchored 2016 scale),0.0263,0.0138,,06_estimation_main.csv,TRUE
specification robustness,CDH,outcome scale: anchored /100,combined >=50%,estimation sample,language,SD (anchored 2016 scale),0.0147,0.0114,same as main,06d_scale_robustness.csv,TRUE
specification robustness,CDH,outcome scale: anchored /100,combined >=50%,estimation sample,mathematics,SD (anchored 2016 scale),0.0277,0.0139,same as main,06d_scale_robustness.csv,TRUE
specification robustness,CDH,outcome scale: within-wave z,combined >=50%,estimation sample,language,SD (within-wave school-mean distribution),0.0249,0.019,not comparable in level with the anchored rows,06d_scale_robustness.csv,TRUE
specification robustness,CDH,outcome scale: within-wave z,combined >=50%,estimation sample,mathematics,SD (within-wave school-mean distribution),0.044,0.0196,not comparable in level with the anchored rows,06d_scale_robustness.csv,TRUE
specification robustness,CDH,primary structure: 6-year (g6 last),combined >=50%,primary structure: 6-year (g6 last),language,SD (anchored 2016 scale),0.032,,source table carries no standard error,06e_by_primary_structure.csv,TRUE
specification robustness,CDH,primary structure: 6-year (g6 last),combined >=50%,primary structure: 6-year (g6 last),mathematics,SD (anchored 2016 scale),0.0456,,source table carries no standard error,06e_by_primary_structure.csv,TRUE
specification robustness,CDH,primary structure: 7-year (g6 second-to-last),combined >=50%,primary structure: 7-year (g6 second-to-last),language,SD (anchored 2016 scale),-0.0069,,source table carries no standard error,06e_by_primary_structure.csv,TRUE
specification robustness,CDH,primary structure: 7-year (g6 second-to-last),combined >=50%,primary structure: 7-year (g6 second-to-last),mathematics,SD (anchored 2016 scale),0.0113,,source table carries no standard error,06e_by_primary_structure.csv,TRUE
specification robustness,CDH,province-clustered inference (analytic and bootstrap),combined >=50%,estimation sample,language,SD (anchored 2016 scale),0.0147,0.0114,same estimate as the headline; province analytic s.e. and the pairs cluster bootstrap are in the source file,06q_cdh_bootstrap.csv,TRUE
specification robustness,CDH,province-clustered inference (analytic and bootstrap),combined >=50%,estimation sample,mathematics,SD (anchored 2016 scale),0.0277,0.0139,same estimate as the headline; province analytic s.e. and the pairs cluster bootstrap are in the source file,06q_cdh_bootstrap.csv,TRUE
specification robustness,CDH,province-specific year trends (trends_nonparam),combined >=50%,estimation sample,language,SD (anchored 2016 scale),0.0174,0.0143,varies the identifying assumption: parallel trends within province-year,06f_province_trends.csv,TRUE
specification robustness,CDH,province-specific year trends (trends_nonparam),combined >=50%,estimation sample,mathematics,SD (anchored 2016 scale),0.0347,0.0172,varies the identifying assumption: parallel trends within province-year,06f_province_trends.csv,TRUE
specification robustness,CDH,reference specification,combined >=50%,estimation sample,language,SD (anchored 2016 scale),0.0147,0.0114,same as main,06f_province_trends.csv,TRUE
specification robustness,CDH,reference specification,combined >=50%,estimation sample,mathematics,SD (anchored 2016 scale),0.0277,0.0139,same as main,06f_province_trends.csv,TRUE
specification robustness,CDH,standard errors clustered at: province,combined >=50%,estimation sample,language,SD (anchored 2016 scale),0.0147,0.0074,"sensitivity only: 8.1 effective clusters at province, over 24",06f_clustering.csv,TRUE
specification robustness,CDH,standard errors clustered at: province,combined >=50%,estimation sample,mathematics,SD (anchored 2016 scale),0.0277,0.0122,"sensitivity only: 8.1 effective clusters at province, over 24",06f_clustering.csv,TRUE
specification robustness,CDH,standard errors clustered at: region,combined >=50%,estimation sample,language,SD (anchored 2016 scale),0.0147,0.0041,"sensitivity only: 8.1 effective clusters at province, over 24",06f_clustering.csv,TRUE
specification robustness,CDH,standard errors clustered at: region,combined >=50%,estimation sample,mathematics,SD (anchored 2016 scale),0.0277,0.0116,"sensitivity only: 8.1 effective clusters at province, over 24",06f_clustering.csv,TRUE
specification robustness,CDH,standard errors clustered at: school,combined >=50%,estimation sample,language,SD (anchored 2016 scale),0.0147,0.0114,same as main,06f_clustering.csv,TRUE
specification robustness,CDH,standard errors clustered at: school,combined >=50%,estimation sample,mathematics,SD (anchored 2016 scale),0.0277,0.0139,same as main,06f_clustering.csv,TRUE
specification robustness,CDH,time since first adoption = 0 years (1 horizon),combined >=50%,class 0 + all never-switching schools,language,SD (anchored 2016 scale),-4e-04,0.013,estimated against all never-switching schools; classes are not pooled,06j_exposure_partition.csv,TRUE
specification robustness,CDH,time since first adoption = 0 years (1 horizon),combined >=50%,class 0 + all never-switching schools,mathematics,SD (anchored 2016 scale),0.0336,0.0149,estimated against all never-switching schools; classes are not pooled,06j_exposure_partition.csv,TRUE
specification robustness,CDH,time since first adoption = 0 years (2 horizons),combined >=50%,class 0 + all never-switching schools,language,SD (anchored 2016 scale),0.008,0.0142,estimated against all never-switching schools; classes are not pooled,06j_exposure_partition.csv,TRUE
specification robustness,CDH,time since first adoption = 0 years (2 horizons),combined >=50%,class 0 + all never-switching schools,mathematics,SD (anchored 2016 scale),0.0346,0.0169,estimated against all never-switching schools; classes are not pooled,06j_exposure_partition.csv,TRUE
specification robustness,CDH,"time since first adoption = 0 years (2 horizons, same switchers)",combined >=50%,class 0 + all never-switching schools,language,SD (anchored 2016 scale),0.007,0.0191,estimated against all never-switching schools; classes are not pooled,06j_exposure_partition.csv,TRUE
specification robustness,CDH,"time since first adoption = 0 years (2 horizons, same switchers)",combined >=50%,class 0 + all never-switching schools,mathematics,SD (anchored 2016 scale),0.0259,0.023,estimated against all never-switching schools; classes are not pooled,06j_exposure_partition.csv,TRUE
specification robustness,CDH,time since first adoption = 0 years (3 horizons),combined >=50%,class 0 + all never-switching schools,language,SD (anchored 2016 scale),0.0099,0.0146,estimated against all never-switching schools; classes are not pooled,06j_exposure_partition.csv,TRUE
specification robustness,CDH,time since first adoption = 0 years (3 horizons),combined >=50%,class 0 + all never-switching schools,mathematics,SD (anchored 2016 scale),0.0357,0.0172,estimated against all never-switching schools; classes are not pooled,06j_exposure_partition.csv,TRUE
specification robustness,CDH,time since first adoption = 1 years (1 horizon),combined >=50%,class 1 + all never-switching schools,language,SD (anchored 2016 scale),-0.01,0.02,estimated against all never-switching schools; classes are not pooled,06j_exposure_partition.csv,TRUE
specification robustness,CDH,time since first adoption = 1 years (1 horizon),combined >=50%,class 1 + all never-switching schools,mathematics,SD (anchored 2016 scale),-0.0189,0.0255,estimated against all never-switching schools; classes are not pooled,06j_exposure_partition.csv,TRUE
specification robustness,CDH,time since first adoption = 1 years (2 horizons),combined >=50%,class 1 + all never-switching schools,language,SD (anchored 2016 scale),0.01,0.0212,estimated against all never-switching schools; classes are not pooled,06j_exposure_partition.csv,TRUE
specification robustness,CDH,time since first adoption = 1 years (2 horizons),combined >=50%,class 1 + all never-switching schools,mathematics,SD (anchored 2016 scale),0.0233,0.0267,estimated against all never-switching schools; classes are not pooled,06j_exposure_partition.csv,TRUE
specification robustness,CDH,"time since first adoption = 1 years (2 horizons, same switchers)",combined >=50%,class 1 + all never-switching schools,language,SD (anchored 2016 scale),0.0297,0.0286,estimated against all never-switching schools; classes are not pooled,06j_exposure_partition.csv,TRUE
specification robustness,CDH,"time since first adoption = 1 years (2 horizons, same switchers)",combined >=50%,class 1 + all never-switching schools,mathematics,SD (anchored 2016 scale),0.0729,0.0358,estimated against all never-switching schools; classes are not pooled,06j_exposure_partition.csv,TRUE
specification robustness,CDH,time since first adoption = 1 years (3 horizons),combined >=50%,class 1 + all never-switching schools,language,SD (anchored 2016 scale),0.0081,0.021,estimated against all never-switching schools; classes are not pooled,06j_exposure_partition.csv,TRUE
specification robustness,CDH,time since first adoption = 1 years (3 horizons),combined >=50%,class 1 + all never-switching schools,mathematics,SD (anchored 2016 scale),0.0101,0.0268,estimated against all never-switching schools; classes are not pooled,06j_exposure_partition.csv,TRUE
specification robustness,CDH,time since first adoption = 2 years (1 horizon),combined >=50%,class 2 + all never-switching schools,language,SD (anchored 2016 scale),0.0301,0.0424,estimated against all never-switching schools; classes are not pooled,06j_exposure_partition.csv,TRUE
specification robustness,CDH,time since first adoption = 2 years (1 horizon),combined >=50%,class 2 + all never-switching schools,mathematics,SD (anchored 2016 scale),-0.0561,0.0557,estimated against all never-switching schools; classes are not pooled,06j_exposure_partition.csv,TRUE
specification robustness,CDH,time since first adoption = 2 years (2 horizons),combined >=50%,class 2 + all never-switching schools,language,SD (anchored 2016 scale),0.0386,0.0398,estimated against all never-switching schools; classes are not pooled,06j_exposure_partition.csv,TRUE
specification robustness,CDH,time since first adoption = 2 years (2 horizons),combined >=50%,class 2 + all never-switching schools,mathematics,SD (anchored 2016 scale),-0.0498,0.0538,estimated against all never-switching schools; classes are not pooled,06j_exposure_partition.csv,TRUE
specification robustness,CDH,"time since first adoption = 2 years (2 horizons, same switchers)",combined >=50%,class 2 + all never-switching schools,language,SD (anchored 2016 scale),0.0601,0.0628,estimated against all never-switching schools; classes are not pooled,06j_exposure_partition.csv,TRUE
specification robustness,CDH,"time since first adoption = 2 years (2 horizons, same switchers)",combined >=50%,class 2 + all never-switching schools,mathematics,SD (anchored 2016 scale),-0.0391,0.0955,estimated against all never-switching schools; classes are not pooled,06j_exposure_partition.csv,TRUE
specification robustness,CDH,time since first adoption = 2 years (3 horizons),combined >=50%,class 2 + all never-switching schools,language,SD (anchored 2016 scale),0.0083,0.0395,estimated against all never-switching schools; classes are not pooled,06j_exposure_partition.csv,TRUE
specification robustness,CDH,time since first adoption = 2 years (3 horizons),combined >=50%,class 2 + all never-switching schools,mathematics,SD (anchored 2016 scale),-0.0788,0.0541,estimated against all never-switching schools; classes are not pooled,06j_exposure_partition.csv,TRUE
specification robustness,CDH,treatment arm: 1h+ 5h (stable),1h+ programme (5h),arm subsample: 1h+ 5h (stable),language,SD (anchored 2016 scale),0.0045,0.0216,,08_arm_results.csv,TRUE
specification robustness,CDH,treatment arm: 1h+ 5h (stable),1h+ programme (5h),arm subsample: 1h+ 5h (stable),mathematics,SD (anchored 2016 scale),0.0209,0.0256,,08_arm_results.csv,TRUE
specification robustness,CDH,treatment arm: genuine 6h+ (stable),genuine 6h+,arm subsample: genuine 6h+ (stable),language,SD (anchored 2016 scale),0.015,0.0157,,08_arm_results.csv,TRUE
specification robustness,CDH,treatment arm: genuine 6h+ (stable),genuine 6h+,arm subsample: genuine 6h+ (stable),mathematics,SD (anchored 2016 scale),0.0278,0.0196,,08_arm_results.csv,TRUE
specification robustness,CDH,treatment cut-off,any (>0),estimation sample,language,SD (anchored 2016 scale),0.0167,0.0113,,04_threshold_sensitivity_cdh.csv,TRUE
specification robustness,CDH,treatment cut-off,0.40,estimation sample,language,SD (anchored 2016 scale),0.0171,0.0124,,04_threshold_sensitivity_cdh.csv,TRUE
specification robustness,CDH,treatment cut-off,0.50 (headline),estimation sample,language,SD (anchored 2016 scale),0.0147,0.0114,same as main,04_threshold_sensitivity_cdh.csv,TRUE
specification robustness,CDH,treatment cut-off,0.60,estimation sample,language,SD (anchored 2016 scale),0.0164,0.0116,,04_threshold_sensitivity_cdh.csv,TRUE
specification robustness,CDH,treatment cut-off,0.75 (data valley),estimation sample,language,SD (anchored 2016 scale),0.019,0.0117,,04_threshold_sensitivity_cdh.csv,TRUE
specification robustness,CDH,treatment cut-off,any (>0),estimation sample,mathematics,SD (anchored 2016 scale),0.0284,0.0134,,04_threshold_sensitivity_cdh.csv,TRUE
specification robustness,CDH,treatment cut-off,0.40,estimation sample,mathematics,SD (anchored 2016 scale),0.0355,0.0147,,04_threshold_sensitivity_cdh.csv,TRUE
specification robustness,CDH,treatment cut-off,0.50 (headline),estimation sample,mathematics,SD (anchored 2016 scale),0.0277,0.0139,same as main,04_threshold_sensitivity_cdh.csv,TRUE
specification robustness,CDH,treatment cut-off,0.60,estimation sample,mathematics,SD (anchored 2016 scale),0.0316,0.0143,,04_threshold_sensitivity_cdh.csv,TRUE
specification robustness,CDH,treatment cut-off,0.75 (data valley),estimation sample,mathematics,SD (anchored 2016 scale),0.0309,0.0144,,04_threshold_sensitivity_cdh.csv,TRUE
specification robustness,CS,"SES covariate: predetermined (pre-adoption, in use)",combined >=50%,"absorbing subsample, composition-complete",language,SD (anchored 2016 scale),0.0051,0.0258,same as the CS reference spec,06h_ses_covariate.csv,FALSE
specification robustness,CS,"SES covariate: predetermined (pre-adoption, in use)",combined >=50%,"absorbing subsample, composition-complete",mathematics,SD (anchored 2016 scale),0.0486,0.0289,same as the CS reference spec,06h_ses_covariate.csv,FALSE
specification robustness,CS,composition without SES,combined >=50%,"absorbing subsample, composition-complete",language,SD (anchored 2016 scale),,,"cannot be fitted: singular (g,t) cell at the 2022 sample-wave cohort",06_estimation_main.csv,FALSE
specification robustness,CS,composition without SES,combined >=50%,"absorbing subsample, composition-complete",mathematics,SD (anchored 2016 scale),,,"cannot be fitted: singular (g,t) cell at the 2022 sample-wave cohort",06_estimation_main.csv,FALSE
specification robustness,CS,enrolment-weighted (pupil-average estimand),combined >=50%,"absorbing subsample, composition-complete",language,SD (anchored 2016 scale),0.0082,0.0178,,06_estimation_main.csv,FALSE
specification robustness,CS,enrolment-weighted (pupil-average estimand),combined >=50%,"absorbing subsample, composition-complete",mathematics,SD (anchored 2016 scale),0.0125,0.0193,,06_estimation_main.csv,FALSE
specification robustness,CS,grade-6-enrolment-weighted (pupil-average estimand),combined >=50%,"absorbing subsample, composition-complete",language,SD (anchored 2016 scale),0.0099,0.017,,06_estimation_main.csv,FALSE
specification robustness,CS,grade-6-enrolment-weighted (pupil-average estimand),combined >=50%,"absorbing subsample, composition-complete",mathematics,SD (anchored 2016 scale),0.0125,0.0193,,06_estimation_main.csv,FALSE
specification robustness,CS,no covariates,combined >=50%,absorbing subsample,language,SD (anchored 2016 scale),0.0069,0.0217,,06_estimation_main.csv,FALSE
specification robustness,CS,no covariates,combined >=50%,absorbing subsample,mathematics,SD (anchored 2016 scale),0.0781,0.0251,,06_estimation_main.csv,FALSE
specification robustness,CS,"no covariates, composition-complete subsample",combined >=50%,"absorbing subsample, composition-complete",language,SD (anchored 2016 scale),0.0253,0.0209,,06_estimation_main.csv,FALSE
specification robustness,CS,"no covariates, composition-complete subsample",combined >=50%,"absorbing subsample, composition-complete",mathematics,SD (anchored 2016 scale),0.0761,0.0254,,06_estimation_main.csv,FALSE
specification robustness,CS,standard errors clustered at: province,combined >=50%,"absorbing subsample, composition-complete",language,SD (anchored 2016 scale),0.0051,0.0724,"sensitivity only: 8.1 effective clusters at province, over 24",06f_clustering.csv,FALSE
specification robustness,CS,standard errors clustered at: province,combined >=50%,"absorbing subsample, composition-complete",mathematics,SD (anchored 2016 scale),0.0486,0.1002,"sensitivity only: 8.1 effective clusters at province, over 24",06f_clustering.csv,FALSE
specification robustness,CS,standard errors clustered at: region,combined >=50%,"absorbing subsample, composition-complete",language,SD (anchored 2016 scale),0.0051,0.0334,"sensitivity only: 8.1 effective clusters at province, over 24",06f_clustering.csv,FALSE
specification robustness,CS,standard errors clustered at: region,combined >=50%,"absorbing subsample, composition-complete",mathematics,SD (anchored 2016 scale),0.0486,0.0266,"sensitivity only: 8.1 effective clusters at province, over 24",06f_clustering.csv,FALSE
specification robustness,CS,standard errors clustered at: school,combined >=50%,"absorbing subsample, composition-complete",language,SD (anchored 2016 scale),0.0051,0.0276,same as main,06f_clustering.csv,FALSE
specification robustness,CS,standard errors clustered at: school,combined >=50%,"absorbing subsample, composition-complete",mathematics,SD (anchored 2016 scale),0.0486,0.0306,same as main,06f_clustering.csv,FALSE
specification robustness,CS,structural covariates only,combined >=50%,absorbing subsample,language,SD (anchored 2016 scale),-0.032,0.0236,,06_estimation_main.csv,FALSE
specification robustness,CS,structural covariates only,combined >=50%,absorbing subsample,mathematics,SD (anchored 2016 scale),0.02,0.0266,,06_estimation_main.csv,FALSE
specification robustness,CS,treatment arm: genuine 6h+ (stable),genuine 6h+,arm subsample: genuine 6h+ (stable),language,SD (anchored 2016 scale),0.0227,0.0347,,08_arm_results.csv,FALSE
specification robustness,CS,treatment arm: genuine 6h+ (stable),genuine 6h+,arm subsample: genuine 6h+ (stable),mathematics,SD (anchored 2016 scale),0.0623,0.044,,08_arm_results.csv,FALSE
specification robustness,TWFE,standard errors clustered at: province,combined >=50%,estimation sample,language,SD (anchored 2016 scale),-0.0294,0.0099,"sensitivity only: 8.1 effective clusters at province, over 24",06f_clustering.csv,FALSE
specification robustness,TWFE,standard errors clustered at: province,combined >=50%,estimation sample,mathematics,SD (anchored 2016 scale),-0.0503,0.0182,"sensitivity only: 8.1 effective clusters at province, over 24",06f_clustering.csv,FALSE
specification robustness,TWFE,standard errors clustered at: region,combined >=50%,estimation sample,language,SD (anchored 2016 scale),-0.0294,0.0127,"sensitivity only: 8.1 effective clusters at province, over 24",06f_clustering.csv,FALSE
specification robustness,TWFE,standard errors clustered at: region,combined >=50%,estimation sample,mathematics,SD (anchored 2016 scale),-0.0503,0.0227,"sensitivity only: 8.1 effective clusters at province, over 24",06f_clustering.csv,FALSE
specification robustness,TWFE,standard errors clustered at: school,combined >=50%,estimation sample,language,SD (anchored 2016 scale),-0.0294,0.0063,same as main,06f_clustering.csv,FALSE
specification robustness,TWFE,standard errors clustered at: school,combined >=50%,estimation sample,mathematics,SD (anchored 2016 scale),-0.0503,0.0077,same as main,06f_clustering.csv,FALSE
